{"cameraMode":{"drawMode":0,"name":"Shaded","section":"Shading Mode"},"sceneLighting":false,"audioPlay":false,"sceneViewState":{"m_AlwaysRefresh":false,"showFog":true,"showSkybox":false,"showFlares":true,"showImageEffects":true,"showParticleSystems":true,"showVisualEffectGraphs":true,"m_FxEnabled":true},"in2DMode":false,"pivot":{"x":-0.0000028014183044433595,"y":0.22492027282714845,"z":-5.960464477539063e-7},"rotation":{"x":0.6549538373947144,"y":0.22458788752555848,"z":-0.21341630816459657,"w":0.6892381310462952},"size":2.8151793479919435,"orthographic":true}