{"cameraMode":{"drawMode":0,"name":"Shaded","section":"Shading Mode"},"sceneLighting":true,"audioPlay":false,"sceneViewState":{"m_AlwaysRefresh":false,"showFog":true,"showSkybox":true,"showFlares":true,"showImageEffects":true,"showParticleSystems":true,"showVisualEffectGraphs":true,"m_FxEnabled":true},"in2DMode":false,"pivot":{"x":4.455693244934082,"y":7.0518646240234379,"z":32.74099349975586},"rotation":{"x":0.6549538373947144,"y":0.22458788752555848,"z":-0.21341630816459657,"w":0.6892381310462952},"size":25.202407836914064,"orthographic":true}